	winter	trans	summer	mean	std
0	-0.39565778947872854	-0.42299072178517133	-0.21126986618112334	790.2503781733308	500.7042103012214
1	-0.15983610802224313	-0.2877090703321205	-0.3144105110918871	790.2503781733308	500.7042103012214
2	-0.010862252400338446	-0.07834679761324881	-0.06965077658346897	790.2503781733308	500.7042103012214
3	0.04797324981312756	-0.05050030290438845	-0.021320964491829297	790.2503781733308	500.7042103012214
4	0.03285169018638989	-0.11532329058730961	-0.056146088255468296	790.2503781733308	500.7042103012214
5	-0.16992268034169244	-0.015578059539997802	-0.07090675598058094	790.2503781733308	500.7042103012214
6	0.2426365950966795	0.2586072008617948	0.06609234464371616	790.2503781733308	500.7042103012214
7	-0.06038434120488401	-0.15834840741206546	-0.07802256174770494	790.2503781733308	500.7042103012214
8	-0.07986710536008806	0.11612216543551468	0.019575079061977196	790.2503781733308	500.7042103012214
9	-0.002527053091260889	0.17210046729902306	-0.005607995623160944	790.2503781733308	500.7042103012214
10	0.5089158854432558	0.481835658445939	0.37149003082010335	790.2503781733308	500.7042103012214
11	-0.10654381904121989	-0.25969138815578735	-0.07800933534293336	790.2503781733308	500.7042103012214
12	0.447043843628194	0.07292586114328636	0.11292704393997388	790.2503781733308	500.7042103012214
13	-0.3775295041581096	-0.33472856139790114	-0.10681644493549186	790.2503781733308	500.7042103012214
14	-0.1866962368470954	0.025107495229300336	-0.042681608197973175	790.2503781733308	500.7042103012214
15	0.27434829608509953	0.2592919507316848	0.11197474279641823	790.2503781733308	500.7042103012214
16	-0.15993800532431005	-0.1158939154788845	-0.13809689222034044	790.2503781733308	500.7042103012214
17	-0.15836878687247866	-0.19452602553792114	-0.0857600085390946	790.2503781733308	500.7042103012214
18	0.4379546042838204	0.4603801625227184	0.44199999465753603	790.2503781733308	500.7042103012214
19	-0.19563924831056448	0.05044324041523093	-0.16239379778578097	790.2503781733308	500.7042103012214
20	-0.07997257432016561	-0.20028933694282855	-0.09050828785210124	790.2503781733308	500.7042103012214
21	-0.03849680072089967	-0.2193482083214341	-0.04917577294083175	790.2503781733308	500.7042103012214
22	-0.018698259978053272	0.21957645827806394	0.01436387558196428	790.2503781733308	500.7042103012214
23	0.04095263074947861	-0.06505123763955112	-0.06458453449975315	790.2503781733308	500.7042103012214
24	0.04214472413489717	-0.01871649644366047	0.11858794518222115	790.2503781733308	500.7042103012214
25	-0.08638853269237382	-0.06596423746607105	-0.1562831987812987	790.2503781733308	500.7042103012214
26	-0.02955021759942028	-0.06944504930467887	-0.01786887284644001	790.2503781733308	500.7042103012214
27	-0.12740177220223586	0.00821699843868029	-0.0383168946233432	790.2503781733308	500.7042103012214
28	-0.05769730322153355	0.005021499045860134	-0.11333706248789355	790.2503781733308	500.7042103012214
29	-0.026560529747022388	-0.1495607840818104	-0.08741330913554546	790.2503781733308	500.7042103012214
30	0.056551531964456	0.05512236452614605	0.14127122936552583	790.2503781733308	500.7042103012214
31	0.015243836389218057	-0.10465260511485697	-0.05552444723120287	790.2503781733308	500.7042103012214
32	0.013918961364817573	0.05147036522006598	-0.0510936016327147	790.2503781733308	500.7042103012214
33	-0.07738060109212419	-0.02796061968717556	-0.03453414285866374	790.2503781733308	500.7042103012214
34	0.009496828552641334	0.08833273321581159	0.004377939979401724	790.2503781733308	500.7042103012214
35	0.06162748829010123	0.08034398473376148	0.011506972151297257	790.2503781733308	500.7042103012214
36	-0.03164930202199978	0.04547880385852843	0.08441091525239086	790.2503781733308	500.7042103012214
37	-0.10226413235440718	-0.26459876222333245	-0.08960889232763203	790.2503781733308	500.7042103012214
38	-0.005665489994923334	0.010955997918240201	0.04072410029177542	790.2503781733308	500.7042103012214
39	-0.11400501262535212	-0.016662246833990202	-0.12280716830436356	790.2503781733308	500.7042103012214
40	0.019930692089238478	-0.060086801082848695	0.023013944302594846	790.2503781733308	500.7042103012214
41	0.015205808736281856	0.07315411109991643	-0.03184918269002779	790.2503781733308	500.7042103012214
42	0.08797813060461857	0.004108499219339978	0.07546986562678504	790.2503781733308	500.7042103012214
43	-0.14736387824924646	0.018716496443660358	-0.031703692237540104	790.2503781733308	500.7042103012214
44	0.024679526560619114	-0.11355435342342701	-0.06166149904522811	790.2503781733308	500.7042103012214
45	0.008114386805011087	0.033324493667980626	0.02452175444655791	790.2503781733308	500.7042103012214
46	-0.0047517758368011975	0.02025718365091278	-0.01780274082258193	790.2503781733308	500.7042103012214
47	-0.05685869455336712	0.05985855112621863	0.012472499699624606	790.2503781733308	500.7042103012214
48	0.0937455179016089	-0.06585011248775618	0.06678011769183967	790.2503781733308	500.7042103012214
49	-0.1307953769331578	-0.046677116130835916	-0.0655765148576235	790.2503781733308	500.7042103012214
50	-0.07941875723099334	-0.04753305346819836	-0.039295648576441966	790.2503781733308	500.7042103012214
51	0.03423749349450067	-0.061741613268416096	0.013438027247951845	790.2503781733308	500.7042103012214
52	0.0031180574432491115	0.13717822393463253	-0.006137051814025241	790.2503781733308	500.7042103012214
53	0.0001998027510632383	-0.06476592519376367	-0.004761505717778336	790.2503781733308	500.7042103012214
54	0.011538766447051207	0.02322443308710287	0.07320815041084039	790.2503781733308	500.7042103012214
55	-0.06953471893049767	0.06436648776966114	-0.057680351208974634	790.2503781733308	500.7042103012214
56	0.04212434467448378	-0.07321117358907381	0.026518941567070353	790.2503781733308	500.7042103012214
57	0.021630249796265266	-0.03937311751867578	-0.08128948372629163	790.2503781733308	500.7042103012214
58	-0.05097331123107096	0.036919430484903315	0.03403153947734272	790.2503781733308	500.7042103012214
59	0.15466875927103274	0.0640811753238737	0.09911867735841695	790.2503781733308	500.7042103012214
60	0.2064926766146416	0.20274302397660116	0.17035609345828784	790.2503781733308	500.7042103012214
61	-0.20595482693775197	-0.2890215075827428	-0.09815314981008971	790.2503781733308	500.7042103012214
62	-0.033320417775898004	0.03669118052827314	-0.022961038683508184	790.2503781733308	500.7042103012214
63	0.020522116636287002	-0.07007273668541125	0.009602369864186056	790.2503781733308	500.7042103012214
64	0.003301472586969667	0.03823186773552567	0.0033066011929014927	790.2503781733308	500.7042103012214
65	0.03393180158829967	0.07149929891434881	0.042231910435738595	790.2503781733308	500.7042103012214
66	0.05400557009549223	-0.03885955511625816	0.046742114462856366	790.2503781733308	500.7042103012214
67	-0.06531617062492534	-0.11720635272950719	0.01842438184684747	790.2503781733308	500.7042103012214
68	0.06419530030218856	0.08838979570496908	-0.028436770258953303	790.2503781733308	500.7042103012214
69	-0.061403314225553784	0.04599236626094583	0.021426775730001957	790.2503781733308	500.7042103012214
70	0.06154597044844767	0.1414579106214452	0.09823250823871932	790.2503781733308	500.7042103012214
71	0.353705914934853	0.2851983208091902	0.22524567326045358	790.2503781733308	500.7042103012214
72	-0.056532623186752895	0.04331042927054335	0.9287316902526446	790.2503781733308	500.7042103012214
73	-0.15946927773480213	-0.20063171187777373	-0.4933184451713683	790.2503781733308	500.7042103012214
74	0.05850943084685206	-0.11966003976327966	-0.03986438398162122	790.2503781733308	500.7042103012214
75	-0.03904704615206139	0.03418043100534307	-0.10267658024197882	790.2503781733308	500.7042103012214
76	0.030202360332648726	0.11572272801141226	-0.010713387865001062	790.2503781733308	500.7042103012214
77	0.05826487732189117	-0.003081374414505178	-0.004020827050568394	790.2503781733308	500.7042103012214
78	-0.008233302007010834	-0.08525135880130652	0.08822011982661349	790.2503781733308	500.7042103012214
79	-0.06193318019630201	0.026362869990765425	-0.034348973191861414	790.2503781733308	500.7042103012214
80	-0.027206579651879947	0.04867430325134836	0.055696390493233786	790.2503781733308	500.7042103012214
81	0.06409340300012167	-0.055464739461090984	-0.0024072056684323745	790.2503781733308	500.7042103012214
82	0.019271616137518766	0.07789029769998901	-0.08753234677848976	790.2503781733308	500.7042103012214
83	0.14771768248982534	0.17929034093286833	0.25906559026145065	790.2503781733308	500.7042103012214
84	1.1377445159589175	0.6383580662049642	0.9719159018319388	790.2503781733308	500.7042103012214
85	-0.4799362927354107	-0.5414659596155276	-0.4154149210666077	790.2503781733308	500.7042103012214
86	-0.05390367279342512	-0.03760418035479318	-0.14013375855516763	790.2503781733308	500.7042103012214
87	-0.07992824374132823	0.16622303091580073	0.1902618326395552	790.2503781733308	500.7042103012214
88	0.07678980683766573	-0.10830460442093715	-0.2625176819068401	790.2503781733308	500.7042103012214
89	0.09235971459349829	-0.030357244231790453	-0.10171105269365172	790.2503781733308	500.7042103012214
90	0.20391688089641258	0.39453005003496217	0.18807947585224033	790.2503781733308	500.7042103012214
91	-0.09203364322688379	-0.2113023973502263	-0.1735701098177881	790.2503781733308	500.7042103012214
92	0.13279256405367001	0.03360980611376811	-0.04268160819797345	790.2503781733308	500.7042103012214
93	-0.03980108618735678	0.011754872766445129	-0.04877898079768367	790.2503781733308	500.7042103012214
94	-0.20295904625698313	0.12274141417778486	-0.03900466767146665	790.2503781733308	500.7042103012214
95	0.45026379837350994	0.32320193858808594	0.28677490825796587	790.2503781733308	500.7042103012214
96	1.1326989012182345	0.8038963472508748	0.4444601059450547	790.2503781733308	500.7042103012214
97	-0.6777121628939204	-0.49769903043172414	-0.5711293844427273	790.2503781733308	500.7042103012214
98	0.06380596769387448	-0.09672091912196412	-0.15107199530128618	790.2503781733308	500.7042103012214
99	-0.03979811418271351	-0.028588307067907937	-0.010104973245507298	790.2503781733308	500.7042103012214
100	-0.12700861844509426	-0.30556962943841837	-0.08923855299402705	790.2503781733308	500.7042103012214
101	-0.08700246393732725	-0.11960297727412214	-0.07453079088800096	790.2503781733308	500.7042103012214
102	0.3856443505514675	0.37872374053833435	0.013266083985921162	790.2503781733308	500.7042103012214
103	-0.2988083188741828	-0.12279847666694216	-0.13799108098216764	790.2503781733308	500.7042103012214
104	-0.021927450260627257	-0.1914446511234161	0.0896882507562618	790.2503781733308	500.7042103012214
105	-0.20136223061917535	-0.0982045438400593	-0.02036866334827367	790.2503781733308	500.7042103012214
106	-0.07449924040161893	-0.053981114742995856	0.02075222908665017	790.2503781733308	500.7042103012214
107	0.16287477048429877	0.15258509600715775	0.16991962210082492	790.2503781733308	500.7042103012214
108	0.48594059125970657	0.4056572354206749	0.12428852563878351	790.2503781733308	500.7042103012214
109	-0.4897893372731945	-0.44736991499480827	-0.23126368743153441	790.2503781733308	500.7042103012214
110	-0.044333393268876975	-0.12165722688379223	-0.0668197969061547	790.2503781733308	500.7042103012214
111	0.012898500153309955	0.00028531244578768045	-0.16031725223663873	790.2503781733308	500.7042103012214
112	-0.09807020923016774	-0.14299859782869767	0.011599556984698708	790.2503781733308	500.7042103012214
113	-0.20791550085835697	-0.008901748308570268	0.04604111500996119	790.2503781733308	500.7042103012214
114	0.06931903630778913	-0.017346996703880152	-0.04051247781542984	790.2503781733308	500.7042103012214
115	-0.04753721427469926	-0.2043407736730114	-0.12993620047625928	790.2503781733308	500.7042103012214
116	-0.10903393436048137	0.1213148519488472	-0.01323963117637783	790.2503781733308	500.7042103012214
117	-0.007655883961965038	0.04924492814292361	-0.021426775730002123	790.2503781733308	500.7042103012214
118	-0.08415231148409563	0.05877436383222588	0.026942186519761935	790.2503781733308	500.7042103012214
119	0.2367290858782516	0.1840835900220984	0.28938050999797216	790.2503781733308	500.7042103012214
120	0.1279031918428235	0.14830540932034525	-0.022617152159446763	790.2503781733308	500.7042103012214
121	-0.2987667108091724	-0.385514176748077	-0.26384032238400057	790.2503781733308	500.7042103012214
122	-0.08408989938657963	0.011070122896555082	-0.03420348273937346	790.2503781733308	500.7042103012214
123	-0.1190406739955494	-0.11595097796804206	-0.08988664682783595	790.2503781733308	500.7042103012214
124	-0.13231364673395557	0.31093350341922327	-0.05276012863393714	790.2503781733308	500.7042103012214
125	0.0389035407849837	0.19600965025601605	0.03762912157521964	790.2503781733308	500.7042103012214
126	0.01747538730448467	-0.18933333902458863	0.025249206708996386	790.2503781733308	500.7042103012214
127	-0.03497420651926475	-0.2625445126136622	-0.006957088909865017	790.2503781733308	500.7042103012214
128	-0.11741357966381599	-0.0010841872939926223	0.012168292389877822	790.2503781733308	500.7042103012214
129	0.015788289763209673	0.06191280073588863	-0.009761086721445433	790.2503781733308	500.7042103012214
130	-0.07526241990984095	-0.14145791062144508	0.04044634579157186	790.2503781733308	500.7042103012214
131	0.2838230647656796	0.13934659852261763	0.05445310844470272	790.2503781733308	500.7042103012214
132	0.003599097623423475	0.03383805607039818	0.19083056804473433	790.2503781733308	500.7042103012214
133	-0.10495634398943493	0.01683343430146285	-0.20174235198130952	790.2503781733308	500.7042103012214
134	-0.06863250323511294	-0.1495607840818104	0.02752414832971256	790.2503781733308	500.7042103012214
135	0.10350006171406106	-0.055236489504461	0.044215871151479486	790.2503781733308	500.7042103012214
136	-0.14908169693325884	-0.09512316942555415	-0.10643287919711511	790.2503781733308	500.7042103012214
137	0.005201008126334894	-0.0681326120540563	0.07135645374281555	790.2503781733308	500.7042103012214
138	0.1391997814932227	0.11321197848848213	0.06594685419122859	790.2503781733308	500.7042103012214
139	-0.19187559179674085	0.12199960181873723	-0.011864085080130829	790.2503781733308	500.7042103012214
140	0.06170476041083511	-0.18950452649206093	-0.04518139869980688	790.2503781733308	500.7042103012214
141	-0.09742528422250218	-0.050500302904388505	0.07069513350423515	790.2503781733308	500.7042103012214
142	0.07096255487571107	0.17700784136656816	0.009112992887636819	790.2503781733308	500.7042103012214
143	0.09634347453222464	0.181858152944956	0.7421600245443671	790.2503781733308	500.7042103012214
144	0.3834183190733965	0.42448785684265017	0.05259559215857834	790.2503781733308	500.7042103012214
145	-0.2988707309716991	-0.20365602380312114	-0.23810464850750468	790.2503781733308	500.7042103012214
146	0.07320939038628743	-0.030414306720947998	-0.20954487268417527	790.2503781733308	500.7042103012214
147	-0.07926336384534105	0.08907454557485894	0.31984286005968104	790.2503781733308	500.7042103012214
148	0.08092768644576853	0.20125939925850625	0.1810782989264701	790.2503781733308	500.7042103012214
149	-0.02115770105792969	0.04856017827303338	-0.13658096988145085	790.2503781733308	500.7042103012214
150	0.1675556777979995	1.9324782578079307	2.6995845162159924	790.2503781733308	500.7042103012214
151	-0.16772758480343863	-0.5223500257477649	-0.3902503633481498	790.2503781733308	500.7042103012214
152	0.08972625926681577	-0.0675049246733237	-0.5044095791566461	790.2503781733308	500.7042103012214
153	0.0036790289062073045	-0.5477998959120098	-0.30157525519739314	790.2503781733308	500.7042103012214
154	0.0350664012317361	0.02419449540278018	-0.18946648483262263	790.2503781733308	500.7042103012214
155	1.0195535135104894	0.6409829407062098	-0.11065748105719808	790.2503781733308	500.7042103012214
156	0.045556889370007125	-0.6039493852429914	0.3491083086655915	790.2503781733308	500.7042103012214
157	-0.3743569584733344	-0.0976909814376421	-0.3900772737977052	790.2503781733308	500.7042103012214
158	-0.13402176729755144	-0.13957484847924717	-0.15338397085536282	790.2503781733308	500.7042103012214
159	0.5537464079400019	-0.1369499739780028	-0.1829955985621623	790.2503781733308	500.7042103012214
160	0.23592035648833343	0.09050110780379661	-0.11407932832367584	790.2503781733308	500.7042103012214
161	-0.5715739308683667	-0.2610608878955669	-0.12194824557849548	790.2503781733308	500.7042103012214
162	3.012809328848965	0.6304834427012287	0.887070631446848	790.2503781733308	500.7042103012214
163	-0.7127225027328001	-0.4882266572315789	-0.21497722165196897	790.2503781733308	500.7042103012214
164	-0.28526138987615424	-0.061228050865998584	-0.20135640549007383	790.2503781733308	500.7042103012214
165	-0.29974625225544926	0.27201688581380756	0.4655975761146858	790.2503781733308	500.7042103012214
166	-0.10793219659696263	-0.0081599359495228	-0.42157957197858953	790.2503781733308	500.7042103012214
167	-0.22719580222504154	-0.29986338052266803	-0.36178378959044455	790.2503781733308	500.7042103012214
168	0.21453994278768818	1.1624770291166115	1.593395828487312	790.2503781733308	500.7042103012214
169	-0.21128137432790473	-0.4620349747082859	-0.408198418271156	790.2503781733308	500.7042103012214
170	-0.3186879953668371	-0.44057947878506565	-0.355752284486496	790.2503781733308	500.7042103012214
171	-0.05282209550050343	-0.0837677340832117	-0.30644839177144356	790.2503781733308	500.7042103012214
172	-0.13999033472842548	-0.3064255667757805	-0.09258959490696128	790.2503781733308	500.7042103012214
173	-0.2635454837776332	0.18357002761968066	-0.07099334484381892	790.2503781733308	500.7042103012214
174	1.1718911510257417	0.18282821526063342	0.006191280073588601	790.2503781733308	500.7042103012214
175	-0.2858647068188094	-0.04376692918380298	-0.3030265445049656	790.2503781733308	500.7042103012214
176	-0.3743096566731108	-0.229220018945682	-0.0031954993928198228	790.2503781733308	500.7042103012214
177	0.6607776804345744	0.002453687033772689	0.13530277012432257	790.2503781733308	500.7042103012214
178	-0.35841187200197844	-0.125936913570605	0.44436081973323605	790.2503781733308	500.7042103012214
179	-0.3413317613150961	0.09957404357983934	-0.2663049306491414	790.2503781733308	500.7042103012214
180	1.8981807298196283	0.37233274175269426	0.03175527521614896	790.2503781733308	500.7042103012214
181	-0.588816531998607	-0.6279156306891414	-0.6318168028645423	790.2503781733308	500.7042103012214
182	-0.6523728513024181	-0.09363954470745933	-0.26417459772059504	790.2503781733308	500.7042103012214
183	-0.2384558205761942	-0.048674303251348305	-0.16665860791636955	790.2503781733308	500.7042103012214
184	-0.04152484888065722	-0.06756198716248119	-0.106316927715284	790.2503781733308	500.7042103012214
185	-0.042190577920827366	0.19669440012590583	-0.10649001726572838	790.2503781733308	500.7042103012214
186	0.0791593436828153	-0.10556560494137679	0.0672918913804692	790.2503781733308	500.7042103012214
187	-0.34703206622155935	0.05101386530680607	-0.10606395068001939	790.2503781733308	500.7042103012214
188	0.16123125191637744	0.07389592345896362	-0.11810033172630802	790.2503781733308	500.7042103012214
189	0.149664209843408	0.3273675002965838	-0.09402756963373032	790.2503781733308	500.7042103012214
190	0.2874285130937624	0.44617160272250034	-0.035936053588422	790.2503781733308	500.7042103012214
191	-0.006470054109160461	0.1425420979154377	0.15833699491423386	790.2503781733308	500.7042103012214
192	-0.21371982592734673	0.4010922362880749	-0.011876606076647978	790.2503781733308	500.7042103012214
193	-0.8311002945557848	-1.4124677941156234	-0.3479233109740872	790.2503781733308	500.7042103012214
194	-0.12540670794218278	-0.18511071482693345	-0.09037937449359398	790.2503781733308	500.7042103012214
195	-0.22894837772125487	-0.16833434301462796	-0.1001389622224988	790.2503781733308	500.7042103012214
196	-0.09615623823967634	0.0554076769719335	-0.07291064447951098	790.2503781733308	500.7042103012214
197	-0.16786773828558021	-0.15361222081199283	0.013141491252972565	790.2503781733308	500.7042103012214
198	0.09116327043839556	0.19891983720304873	0.046907268170437805	790.2503781733308	500.7042103012214
199	-0.36328001560822876	-0.3589230568006817	-0.09704997947610591	790.2503781733308	500.7042103012214
200	-0.05479782161906255	-0.08239823434343152	0.05831786391896615	790.2503781733308	500.7042103012214
201	-0.1558430074974939	0.3643439932706442	-0.04625485371107052	790.2503781733308	500.7042103012214
202	-0.033619316528627596	-0.12936066292005471	-0.05485607291007749	790.2503781733308	500.7042103012214
203	0.15232712600409148	-0.04992967801281341	0.15066779637146566	790.2503781733308	500.7042103012214
204	0.08585824214953397	0.37107736699122923	0.26147173781750144	790.2503781733308	500.7042103012214
205	-0.18815166997828547	-0.3549286825596564	-0.37219579177871637	790.2503781733308	500.7042103012214
206	-0.13695294598264585	-0.09557966933881433	-0.07245794873219502	790.2503781733308	500.7042103012214
207	-0.059790789420344104	0.013238497484540146	-0.017987998665416227	790.2503781733308	500.7042103012214
208	-0.28875997117410457	-0.07412417341559374	-0.06631992698181949	790.2503781733308	500.7042103012214
209	-0.018120312312149944	-0.09991641851478439	0.04389817290886561	790.2503781733308	500.7042103012214
210	-0.029021625344947732	0.007132811144687612	0.08026029308299704	790.2503781733308	500.7042103012214
211	-0.15625908814760076	-0.08057223469039154	-0.09718312528413997	790.2503781733308	500.7042103012214
212	0.027274086614499315	0.05050030290438856	-0.04365851045440411	790.2503781733308	500.7042103012214
213	-0.06081018701310581	-0.15361222081199288	-0.02298096646669756	790.2503781733308	500.7042103012214
214	0.08252959694867967	0.02333855806541807	-0.015644632444014928	790.2503781733308	500.7042103012214
215	0.13441485401699488	0.09015873286885157	0.08437449855125295	790.2503781733308	500.7042103012214
216	0.4122943161908068	0.4239172319510753	0.4075060600693782	790.2503781733308	500.7042103012214
217	-0.260487290999349	-0.17894796599792334	-0.15508823719820036	790.2503781733308	500.7042103012214
218	-0.3562898606864343	-0.08656379605192913	-0.11277449940494105	790.2503781733308	500.7042103012214
219	-0.15118290421629788	-0.06499417515039357	-0.04890445529095036	790.2503781733308	500.7042103012214
220	0.0007281411376867108	-0.11241310364027718	-0.05309854824402671	790.2503781733308	500.7042103012214
221	-0.10343764961654506	0.03697649297406075	-0.010317727807415689	790.2503781733308	500.7042103012214
222	0.022447551073260782	0.19184408854751844	0.08983240436542139	790.2503781733308	500.7042103012214
223	-0.08454758810169748	0.04137030463918839	0.06820005302278542	790.2503781733308	500.7042103012214
224	-0.04252344244091268	0.08662085854108646	0.012446362903511005	790.2503781733308	500.7042103012214
225	0.06376435962886365	-0.20051758689945864	-0.01817440279666413	790.2503781733308	500.7042103012214
226	-0.02985378664516128	-0.05517942701530365	-0.04477693524189122	790.2503781733308	500.7042103012214
227	0.0116918662680004	0.26756601165952254	0.2704324506982011	790.2503781733308	500.7042103012214
228	0.5316262466414311	-0.0954655443604994	-0.044270981171361384	790.2503781733308	500.7042103012214
229	-0.1712795996164555	-0.26722363672457733	-0.32013578083735617	790.2503781733308	500.7042103012214
230	-0.14425516139202005	0.018545308976187946	-0.025710455531398058	790.2503781733308	500.7042103012214
231	-0.12047615223841786	-0.06002973859369126	-0.07763571219187526	790.2503781733308	500.7042103012214
232	-0.01645598971172295	-0.13438216196591496	-0.03276879183005771	790.2503781733308	500.7042103012214
233	-0.05502666597662152	0.06607836244438636	-0.024525457839894127	790.2503781733308	500.7042103012214
234	0.008009552514555412	-0.10659272974621214	0.11648926744909466	790.2503781733308	500.7042103012214
235	0.0008737693652242362	-0.07811854765661885	-0.12070998956377765	790.2503781733308	500.7042103012214
236	0.08816748975762642	-0.04125617966087325	-0.057172809969872285	790.2503781733308	500.7042103012214
237	-0.10029624070823895	0.034522805940288115	0.05225972965341141	790.2503781733308	500.7042103012214
238	0.02731569467951008	0.14670765962393517	0.08590567534364585	790.2503781733308	500.7042103012214
239	0.37701067706175184	0.43812579175129307	0.3260341401332699	790.2503781733308	500.7042103012214
240	0.01864041312478376	-0.5731927035870981	-0.6555567004370351	790.2503781733308	500.7042103012214
241	-0.42334125745114176	-0.4416066035899008	-0.36271581024668353	790.2503781733308	500.7042103012214
242	-0.15781939058550115	0.04422342909706356	0.03136915237285032	790.2503781733308	500.7042103012214
243	0.03979811418271342	0.026990557371498136	-0.03742728663840489	790.2503781733308	500.7042103012214
244	-0.17830235467165975	-0.012781997571280401	0.0019572433781023246	790.2503781733308	500.7042103012214
245	-0.037761249268247254	-0.024650995316040536	0.05296540243599224	790.2503781733308	500.7042103012214
246	0.06131570355552923	0.1442539725901627	-0.019452602553791998	790.2503781733308	500.7042103012214
247	-0.03345803165807093	-0.193270650776456	-0.03536352661387543	790.2503781733308	500.7042103012214
248	-0.04752069973343215	0.16987503022188055	0.047612940953019045	790.2503781733308	500.7042103012214
249	-0.03640233844398122	0.18362709010883838	0.0940408842145335	790.2503781733308	500.7042103012214
250	0.19002103025989905	0.30562669192757574	0.11477168652545389	790.2503781733308	500.7042103012214
251	0.273882299763482	0.2159815214611414	0.3254349839971161	790.2503781733308	500.7042103012214
252	-0.7630078382675627	-1.1604798419960989	-0.9216241730325105	790.2503781733308	500.7042103012214
253	-0.3422190425777204	0.23903476708077176	0.1509132784440268	790.2503781733308	500.7042103012214
254	-0.01575101182672256	0.005078561535017734	-0.01869728666530146	790.2503781733308	500.7042103012214
255	-0.04898255834741572	0.24029014184223685	0.03778678032009708	790.2503781733308	500.7042103012214
256	-0.013918541169757326	-0.11851878998012977	-0.06546126878404701	790.2503781733308	500.7042103012214
257	0.13208201420709187	-0.14522403490584002	0.008464899053827857	790.2503781733308	500.7042103012214
258	-0.05884495660231781	0.9181354505441919	0.02294781227873699	790.2503781733308	500.7042103012214
259	0.06973683275439135	-0.1422567854696501	0.0540959955158693	790.2503781733308	500.7042103012214
260	0.0018942393307953553	-0.24211614149527705	-0.00829295579179723	790.2503781733308	500.7042103012214
261	0.07303116202533988	-0.06813261205405619	-0.021651624611119358	790.2503781733308	500.7042103012214
262	0.09397074245380643	-0.2147261466996765	0.023476868469601175	790.2503781733308	500.7042103012214
263	0.21732278409288475	-0.1563512202915528	0.0228816802548788	790.2503781733308	500.7042103012214
264	-0.9153761433875414	0.16861965546041557	0.3631441694092199	790.2503781733308	500.7042103012214
265	0.20102936609909006	-0.19509665042949598	-0.37893649670651786	790.2503781733308	500.7042103012214
266	0.05088381664045305	-0.05866023885391125	-0.023278472398026828	790.2503781733308	500.7042103012214
267	-0.02327686550586816	0.16348403143624068	-0.004920222575037325	790.2503781733308	500.7042103012214
268	0.06666838357679339	-0.13820534873946766	-0.01990573918126759	790.2503781733308	500.7042103012214
269	-0.005483723978591648	-0.05409523972131103	-0.02372817016026163	790.2503781733308	500.7042103012214
270	0.09592739388211768	0.10208479310276952	0.14149607824664345	790.2503781733308	500.7042103012214
271	0.21966693235626777	-0.055407676971933606	-0.060153688901265046	790.2503781733308	500.7042103012214
272	-0.1946812893173554	-0.02493630776182787	-0.02841031744941036	790.2503781733308	500.7042103012214
273	-0.11610204965671644	0.03475105589691796	0.018807947585224083	790.2503781733308	500.7042103012214
274	0.04994522628973841	-0.03828893022468316	-0.017287792796807144	790.2503781733308	500.7042103012214
275	0.1638525600120494	0.07800442267830388	0.11372150998658803	790.2503781733308	500.7042103012214
276	0.15715387601989217	0.347453496480024	0.32773708383563016	790.2503781733308	500.7042103012214
277	-0.23718217129198238	-0.17386940446290566	-0.1210348300649684	790.2503781733308	500.7042103012214
278	-0.06676088306890482	-0.19640908768011878	-0.1828575148963465	790.2503781733308	500.7042103012214
279	-0.017292226028613022	-0.022482620728055513	-0.0077624006083918395	790.2503781733308	500.7042103012214
280	-0.014313612343304971	0.08091460962533659	-0.05337815444089844	790.2503781733308	500.7042103012214
281	-0.029062795430326638	0.13010247527910246	0.007589311057947468	790.2503781733308	500.7042103012214
282	0.20481570001506166	-0.04040024232351058	0.11317393682904364	790.2503781733308	500.7042103012214
283	-0.09264035674627435	-0.11960297727412228	-0.08097928044638159	790.2503781733308	500.7042103012214
284	0.06966175536958785	0.08302592172416401	0.06622672491619586	790.2503781733308	500.7042103012214
285	0.05756948767076964	0.03783243031142325	0.11616971750981253	790.2503781733308	500.7042103012214
286	-0.03970867829039648	-0.06202692571420387	0.04518968724679695	790.2503781733308	500.7042103012214
287	-0.005938371670183851	-0.05032911543691565	0.03491083086655922	790.2503781733308	500.7042103012214
